article_headline,article_link
Build an Automatic Abstractive Text Summarizer in Ten minutes,https://medium.com/codex/build-an-automatic-abstractive-text-summarizer-in-ten-minutes-f15f07e54bae
creating a website to host your python web application,https://medium.com/@marcosan93/creating-a-website-to-host-your-python-web-application-f06f694a87e8
system design choosing between aws lambda and aws fargate,https://iamkanikamodi.medium.com/system-design-choosing-between-aws-lambda-and-aws-fargate-d586f28da34
upgrade level up resource deployment on aws,https://medium.com/slalom-technology/upgrade-level-up-resource-deployment-on-aws-65c67ac3ab9d
cloud computing a comparative analysis between amazon web services aws and microsoft azure,https://medium.com/@BangBitTech/cloud-computing-a-comparative-analysis-between-amazon-web-services-aws-and-microsoft-azure-ac3fba05d8b7
what is aws fault injection simulator and why you should care,https://medium.com/the-cloud-architect/what-is-aws-fault-injection-simulator-and-why-you-should-care-3fbe457ca227
kubernetes on aws step by step,https://medium.com/avmconsulting-blog/kubernetes-on-aws-step-by-step-4ead24fdc59d
dominos case study aws ,https://arnabsaha1.medium.com/dominos-case-study-aws-b76629bb656d?source=post_internal_links---------6----------------------------
investigating a network issue encountered with kafka on aws,https://medium.com/teads-engineering/investigating-a-network-issue-encountered-with-kafka-on-aws-38148fc391
static site to site vpn between azure vnet and aws vpc,https://ystatit.medium.com/static-site-to-site-vpn-between-azure-vnet-and-aws-vpc-de898d6bb1c
amazon ec2 deployment complete ci cd pipeline using github actions and aws codedeploy,https://medium.com/thelorry-product-tech-data/amazon-ec2-deployment-complete-ci-cd-pipeline-using-github-actions-and-aws-codedeploy-8a477123ff7e
cloud computing and aws,https://medium.com/codex/cloud-computing-and-aws-3bb30168f13b
serverless ml is this the cheapest way to host machine learning models on aws,https://medium.com/towards-data-science/serverless-ml-is-this-the-cheapest-way-to-host-machine-learning-models-on-aws-83ba3dee8be4
building a global network with aws transit gateway,https://medium.com/avmconsulting-blog/building-a-global-network-with-aws-transit-gateway-7ab0e5222f12
running mysql databases on aws ec2 a tutorial for beginners,https://tamimi-naser.medium.com/running-mysql-databases-on-aws-ec2-a-tutorial-for-beginners-4301faa0c247
trivially scale pytorch on aws,https://william-falcon.medium.com/trivially-scale-pytorch-on-aws-4cfde16e6d37
ai powered data discovery with amazon kendra and aws glue data catalog,https://elesin-olalekan.medium.com/ai-powered-data-discovery-with-amazon-kendra-and-aws-glue-data-catalog-f2d2cdcc9233
set up an airflow environment on aws in minutes,https://brentlemieux.medium.com/set-up-an-airflow-environment-on-aws-in-minutes-f934cf10ec54
mediahack with edit share and aws by rosario blue,https://medium.com/codingblackfemales/mediahack-with-edit-share-and-aws-by-rosario-blue-8a110046cc12
data analytics on aws beginner,https://medium.com/geekculture/data-analytics-on-aws-beginner-375054872dd1
deploying large packages on aws lambda using efs,https://medium.com/towards-data-science/deploying-large-packages-on-aws-lambda-using-efs-3a707f83d918
original content the story of aws and andy jassys trillion dollar baby,https://medium.com/@furrier/original-content-the-story-of-aws-and-andy-jassys-trillion-dollar-baby-4e8a35fd7ed
how to create a free vpn server on aws,https://medium.com/@aminuisrael2/how-to-create-a-free-vpn-server-on-aws-655ca3b3ff32
getting started with aws lex using a datafile and aws python sdk,https://medium.com/@nishamanickam/getting-started-with-aws-lex-using-a-datafile-and-aws-python-sdk-64517fd751b7
my love affair with alexa the new a cloud guru skill,https://medium.com/@RyanKroonenburg/my-love-affair-with-alexa-the-new-a-cloud-guru-skill-716573ad8336
how to easily perform pandas operations on s3 with aws data wrangler ,https://medium.com/towards-data-science/how-to-easily-perform-pandas-operations-on-s3-with-aws-data-wrangler-875672289aae?source=rss-adc8ea174c69------2
how to get started with aws,https://medium.com/bb-tutorials-and-thoughts/how-to-get-started-with-aws-9731a4f855a7
system design choosing between aws kinesis and aws sqs,https://medium.com/nerd-for-tech/system-design-choosing-between-aws-kinesis-and-aws-sqs-2586c814be8d
terraform terraform cloud and terraform registry and aws multi regional deployments public,https://marcincuber.medium.com/terraform-terraform-cloud-and-terraform-registry-and-aws-multi-regional-deployments-public-6038c6b394db
google analytics data processing using pyspark dataframes and aws emr,https://medium.com/chewy-innovation/google-analytics-data-processing-using-pyspark-dataframes-and-aws-emr-9f11caaab781
using atlassian statuspage and aws cloudwatch,https://labrlearning.medium.com/using-atlassian-statuspage-and-aws-cloudwatch-2d1ecc2b4d68
how to optimize cost on aws ,https://ramon-marrero.medium.com/how-to-optimize-cost-on-aws-abf609e6288d?source=post_internal_links---------2----------------------------
build your first full stack serverless app with vue and aws amplify,https://gerard-sans.medium.com/build-your-first-full-stack-serverless-app-with-vue-and-aws-amplify-9ed7ef9e9926
picture goes here,https://medium.com/@degharbi/picture-goes-here-53436f02f3e9
aws monitoring 1o1,https://piyushj02.medium.com/aws-monitoring-1o1-64b2d04cdfe8
aws activate startup,https://medium.com/aws-activate-startup-blog
deploying a data app on aws for free,https://sonery.medium.com/deploying-a-data-app-on-aws-for-free-f62e121c049e
aws re invent 2020 digest part 2,https://medium.com/the-cloud-architect/aws-re-invent-2020-digest-part-2-404a571f4868
use case aws shield vs waf,https://medium.com/aws-architech/use-case-aws-shield-vs-waf-fe920944c04d
learn the basics of amazon aws iam,https://medium.com/technology-hits/learn-the-basics-of-amazon-aws-iam-a7d1e920343d
getting started with aws,https://medium.com/tfogo/getting-started-with-aws-d7c51133fc92
realizing multi cloud kubernetes with google anthos and aws part 1,https://medium.com/@mikesparr/realizing-multi-cloud-kubernetes-with-google-anthos-and-aws-part-1-5c3bcf7bda6d
quick setup guide for your aws account,https://brentlemieux.medium.com/quick-setup-guide-for-your-aws-account-423dadb61f99
an introduction to serverless computing and aws lambda,https://marklooi.medium.com/an-introduction-to-serverless-computing-and-aws-lambda-ef3c8464cbfc
sentiment analysis entity extraction with aws comprehend,https://medium.com/towards-data-science/sentiment-analysis-entity-extraction-with-aws-comprehend-618a7bec60b8
get started with aws,https://medium.com/thecampusbelgium/get-started-with-aws-ef2845fc8f7a
submitting articles to towards aws,https://medium.com/towards-aws/submitting-articles-to-towards-aws-81a0d2ee8ad2
a custom spacy model deployment with aws ecr sagemaker lambda,https://gakki-cheng.medium.com/a-custom-spacy-model-deployment-with-aws-ecr-sagemaker-lambda-72a488fe58
introducing amazon web services aws,https://medium.com/createdd-notes/introducing-amazon-web-services-aws-72c12547b9ff
send email with spring boot and aws ses,https://millionseleshi.medium.com/send-email-with-spring-boot-and-aws-ses-cd95e6b8f22f
multi cloud architecture using vpn between gcp and aws,https://medium.com/searce/multi-cloud-architecture-using-vpn-between-gcp-and-aws-167a5e739079
azure vs aws difference between azure virtual network vnet and aws virtual private cloud vpc,https://medium.com/awesome-azure/azure-vs-aws-difference-between-azure-virtual-network-vnet-and-aws-virtual-private-cloud-vpc-2e8debc3290e
versioning data and models in ml projects using dvc and aws s3,https://medium.com/analytics-vidhya/versioning-data-and-models-in-ml-projects-using-dvc-and-aws-s3-286e664a7209
getting started with aws batch,https://medium.com/weareservian/getting-started-with-aws-batch-3442446fc62
amazing cost savings with aws lambda for data integration 2020,https://medium.com/swlh/amazing-cost-savings-with-aws-lambda-for-data-integration-2020-b048021175e3
multi account management using aws control tower and aws organizations,https://medium.com/@IAMVISH/multi-account-management-using-aws-control-tower-and-aws-organizations-c5db81fe2ed3
aws explained to shareholders from a developer,https://medium.com/@bmb21/aws-explained-to-shareholders-from-a-developer-a260ae659338
a gentle introduction to amazon web services aws,https://medium.com/@praneeth.jm/a-gentle-introduction-to-amazon-web-services-aws-50f18c7c57dc
finops exploring aws cloud costs optimization,https://medium.com/@nsmirnov/finops-exploring-aws-cloud-costs-optimization-10be20196832
automate code deployment with aws ec2 build agents for your azure devops pipelines,https://medium.com/hashmapinc/automate-code-deployment-with-aws-ec2-build-agents-for-your-azure-devops-pipelines-6636fe1c8e21
aws organizations overview introduction to what is aws organization multi accounts consolidated billing,https://medium.com/awesome-cloud/aws-organizations-overview-introduction-to-what-is-aws-organization-multi-accounts-consolidated-billing-5009efc42b07
deploying prefect server with aws ecs fargate and docker storage,https://medium.com/@emma_97443/deploying-prefect-server-with-aws-ecs-fargate-and-docker-storage-36f633226c5f
how to setup service discovery in elastic container service,https://medium.com/containers-on-aws/how-to-setup-service-discovery-in-elastic-container-service-3d18479959e6
aws well architected framework 1o1,https://piyushj02.medium.com/aws-well-architected-framework-1o1-1c9521403046
aws serverless services and serverless computing in aws,https://medium.com/awesome-cloud/aws-serverless-services-and-serverless-computing-in-aws-a1298ace0e3c
deploying sitecore 9 3 xp on aws cloud,https://medium.com/slalom-technology/deploying-sitecore-9-3-xp-on-aws-cloud-d849a3c7d8fe
ci cd logical and practical approach to build four step pipeline on aws,https://medium.com/@rashimparmar/ci-cd-logical-and-practical-approach-to-build-four-step-pipeline-on-aws-3f54183068ec
5 ways of using docker on aws,https://medium.com/devopsion/5-ways-of-using-docker-on-aws-7d91b31caddc
getting started with aws lambda layers for python,https://medium.com/the-cloud-architect/getting-started-with-aws-lambda-layers-for-python-6e10b1f9a5d
how to set up a deep learning environment on aws with keras theano,https://medium.com/towards-data-science/how-to-set-up-a-deep-learning-environment-on-aws-with-keras-theano-b0f39e3d861c
private kubernetes cluster on aws using elastic kubernetes service and its challenges,https://medium.com/beck-et-al/private-kubernetes-cluster-on-aws-using-elastic-kubernetes-service-and-its-challenges-89730e097867
sending and receiving custom events with aws eventbridge schema registry,https://medium.com/event-driven-utopia/sending-and-receiving-custom-events-with-aws-eventbridge-schema-registry-b73198b7a140
automating etl with aws lambda,https://medium.com/@ashwin_muthiah/automating-etl-with-aws-lambda-97b9e3404929
an unexpected journey from sap consultant to aws cloud architect,https://medium.com/dnx-labs/an-unexpected-journey-from-sap-consultant-to-aws-cloud-architect-a407a4402a2c
a case study on amazon web services,https://satvikakolisetty.medium.com/a-case-study-on-amazon-web-services-7da1cff99c4c
near real time data processing using aws firehose aws kinesis analytics and aws elasticache for,https://vunvulear.medium.com/near-real-time-data-processing-using-aws-firehose-aws-kinesis-analytics-and-aws-elasticache-for-ac794fd3e9eb
creating a web site on aws s3 step by step,https://ranyel.medium.com/creating-a-web-site-on-aws-s3-step-by-step-980ecaafa7f1
how to create an s3 bucket and aws access key id and secret access key for accessing it,https://medium.com/@shamnad.p.s/how-to-create-an-s3-bucket-and-aws-access-key-id-and-secret-access-key-for-accessing-it-5653b6e54337
wso2 deployment reference architecture on aws,https://medium.com/wso2-learning/wso2-deployment-reference-architecture-on-aws-885d77cacfe3
business intelligence pipeline based on aws services case study,https://medium.com/miquido/business-intelligence-pipeline-based-on-aws-services-case-study-2ac3cc630768
ci cd with flutter codemagic and aws s3,https://medium.com/@dschro225/ci-cd-with-flutter-codemagic-and-aws-s3-275c9ef0f84f
7 best serverless and aws lambda courses to learn in 2021,https://medium.com/javarevisited/7-best-serverless-and-aws-lambda-courses-to-learn-in-2021-de1820111c85
overview of all ai based amazon web services aws,https://medium.com/analytics-vidhya/overview-of-all-ai-based-amazon-web-services-aws-2f850eda93a8
deploying website on aws using terraform and ansible,https://medium.com/@mitesh_shamra/deploying-website-on-aws-using-terraform-and-ansible-f0251ae71f42
building a kafka playground on aws part 3 streaming database events and querying with ksql,https://maikelpenz.medium.com/building-a-kafka-playground-on-aws-part-3-streaming-database-events-and-querying-with-ksql-5f23978a0080
choosing your container environment on aws with ecs eks and fargate,https://medium.com/containers-on-aws/choosing-your-container-environment-on-aws-with-ecs-eks-and-fargate-cfbe416ab1a
how to protect yourself from unexpectedly high aws bills,https://medium.com/better-programming/how-to-protect-yourself-from-unexpectedly-high-aws-bills-4ec91bbe66f4
qwiklabs free codes gcp and aws,https://sathishvj.medium.com/qwiklabs-free-codes-gcp-and-aws-e40f3855ffdb
10 best aws certified cloud practitioner clf c01 online courses and practice test to crack,https://medium.com/javarevisited/10-best-aws-certified-cloud-practitioner-clf-c01-online-courses-and-practice-test-to-crack-ecc0f913091e
how to build a distributed load testing infrastructure with aws docker and jmeter,https://dragoscampean.medium.com/how-to-build-a-distributed-load-testing-infrastructure-with-aws-docker-and-jmeter-accf3c2aa3a3
make data acquisition easy with aws lambda python in 12 steps,https://medium.com/towards-data-science/make-data-acquisition-easy-with-aws-lambda-python-in-12-steps-33fe201d1bb4
why i think gcp is better than aws,https://nandovillalba.medium.com/why-i-think-gcp-is-better-than-aws-ea78f9975bda
5 best aws devops engineer certification courses to join in 2021,https://medium.com/javarevisited/5-best-aws-devops-engineer-certification-courses-to-join-in-2021-aa78f44767e4
deploy webapp on aws ec2 using ansible,https://medium.com/@kuldeep.rajpurohit/deploy-webapp-on-aws-ec2-using-ansible-59d9422618f
deploy microservices using aws ecs fargate and api gateway,https://medium.com/adobetech/deploy-microservices-using-aws-ecs-fargate-and-api-gateway-1b5e71129338
getting it right between ec2 fargate and lambda,https://medium.com/thundra/getting-it-right-between-ec2-fargate-and-lambda-bb42220b8c79
blueprint of a cloud data store inside for objects with state updated often azure and aws,https://vunvulear.medium.com/blueprint-of-a-cloud-data-store-inside-for-objects-with-state-updated-often-azure-and-aws-cda5a1b6f82a
aws glue 101 all you need to know with a real world example,https://bokhyunjoon.medium.com/aws-glue-101-all-you-need-to-know-with-a-real-world-example-f34af17b782f
architecting serverless data integration hubs on aws for enterprise data delivery 2020,https://medium.com/swlh/architecting-serverless-data-integration-hubs-on-aws-for-enterprise-data-delivery-2020-a27b42569518
what architects need to know about networking on aws dc6b3842b52e?source=post_internal_links 7,https://cloudcraft.medium.com/what-architects-need-to-know-about-networking-on-aws-dc6b3842b52e?source=post_internal_links---------7----------------------------
transferring data with aws data sync,https://medium.com/cisco-fpie/transferring-data-with-aws-data-sync-e3d8e2a4e307
what is elk stack how to deploy elk using docker aws ec2 and aws elastic search,https://medium.com/@schogini/what-is-elk-stack-how-to-deploy-elk-using-docker-aws-ec2-and-aws-elastic-search-272577aea8a1
deploy java spring boot applications to aws azure gcp with docker and kubernetes,https://medium.com/javarevisited/deploy-java-spring-boot-applications-to-aws-azure-gcp-with-docker-and-kubernetes-58e80999daa2
injecting chaos to amazon ec2 using amazon system manager,https://medium.com/the-cloud-architect/injecting-chaos-to-amazon-ec2-using-amazon-system-manager-ca95ee7878f5
all you need to know about cloud and aws beginners edition,https://medium.com/@snk.nitin/all-you-need-to-know-about-cloud-and-aws-beginners-edition-8691d9e5b800
aws as a framework,https://medium.com/galvanize/aws-as-a-framework-9abd2b1f6dc1
creating your own chaos monkey with aws systems manager automation,https://medium.com/the-cloud-architect/creating-your-own-chaos-monkey-with-aws-systems-manager-automation-6ad2b06acf20
aws backup,https://kumargaurav1247.medium.com/aws-backup-48a681fbc410
running julia gurobi jupyter on aws,https://medium.com/towards-data-science/running-julia-gurobi-jupyter-on-aws-33f7016ab229
introduction to aws ec2 and the command line in data science,https://medium.com/@cadong/introduction-to-aws-ec2-and-the-command-line-in-data-science-6de2a9aa8d8e
how to keep up with aws announcements,https://medium.com/cloudpegboard/how-to-keep-up-with-aws-announcements-8c3ea9ad37cb
event driven serverless architectures with aws lambda sqs dynamodb and api gateway,https://garystafford.medium.com/event-driven-serverless-architectures-with-aws-lambda-sqs-dynamodb-and-api-gateway-b1967cb210cb
a startup journey on aws from bare metal monolith to serverless microservices,https://medium.com/agorapulse-stories/a-startup-journey-on-aws-from-bare-metal-monolith-to-serverless-microservices-80231624fbd9
setting up a free pi hole on aws,https://medium.com/@dion315/setting-up-a-free-pi-hole-on-aws-c24511888973
running apache spark on aws,https://medium.com/acast-tech/running-apache-spark-on-aws-81a5f766d3a6
secure custom origin with cloud front custom header and aws waf 9156dc7b5d5b?source=topics_v2 0 89 0e8e1120_e6d1_400b_b26c_18f2a7835ab8,https://someshsrivastava1983.medium.com/secure-custom-origin-with-cloud-front-custom-header-and-aws-waf-9156dc7b5d5b?source=topics_v2---------0-89--------------------0e8e1120_e6d1_400b_b26c_18f2a7835ab8-------19
how to setup an h2o cluster on aws ec2,https://medium.com/singlestone/how-to-setup-an-h2o-cluster-on-aws-ec2-f700a1a08183
deploying a honeypot on aws,https://medium.com/@sudojune/deploying-a-honeypot-on-aws-5bb414753f32
case study aws customer success,https://divya-kurothe.medium.com/case-study-aws-customer-success-5039f0c26dd9
azure vs aws what you need to know,https://totalcloudio.medium.com/azure-vs-aws-what-you-need-to-know-2d5d2edac670
server vs serverless cloud computing comparing amazon ec2 and aws lambda,https://sudiptobanerjee14.medium.com/server-vs-serverless-cloud-computing-comparing-amazon-ec2-and-aws-lambda-f3684e9b840a
go get go download install,https://medium.com/cloud-security/go-get-go-download-install-8b48a0425717
ten lessons from twelve years of aws,https://medium.com/the-cloud-architect/ten-lessons-from-twelve-years-of-aws-1ba92fe5ff88
getting started with iot analytics on aws,https://medium.com/@GaryStafford/getting-started-with-iot-analytics-on-aws-5f2093bcf704
continuous testing using jenkins and aws device farm,https://medium.com/@kokodede/continuous-testing-using-jenkins-and-aws-device-farm-d9d706f268bb
deploying flask application with ml models on aws ec2 instance,https://medium.com/shapeai/deploying-flask-application-with-ml-models-on-aws-ec2-instance-3b9a1cec5e13
cloud native jenkins on aws,https://medium.com/bench-engineering/cloud-native-jenkins-on-aws-b5c957c4fe18
microservices and aws app mesh,https://medium.com/swlh/microservices-and-aws-app-mesh-f4c7cab9ddca
hybrid cloud with azure and aws site to site vpn,https://medium.com/swlh/hybrid-cloud-with-azure-and-aws-site-to-site-vpn-c4b93e9e4c2e
deploying angular to aws in seconds or 10 minutes,https://medium.com/serverlessguru/deploying-angular-to-aws-in-seconds-or-10-minutes-941faa8c0aab
deploying r models in production with apache airflow and aws batch,https://medium.com/bbc-data-science/deploying-r-models-in-production-with-apache-airflow-and-aws-batch-9182b0c8ed83
honest status reporting and aws service status truth in a post truth world,https://medium.com/ably-realtime/honest-status-reporting-and-aws-service-status-truth-in-a-post-truth-world-8b9a31c8cc90
combining the best of aws eventbridge and aws kinesis,https://medium.com/@jgilbert001/combining-the-best-of-aws-eventbridge-and-aws-kinesis-9b363b043ade
how to use aws amplify to deploy a react application,https://medium.com/towards-data-science/how-to-use-aws-amplify-to-deploy-a-react-application-ae93cd6e4525
deploying hosting spring boot applications on aws ec2,https://kgaurav23.medium.com/deploying-hosting-spring-boot-applications-on-aws-ec2-7babc15a1ab6
create and host your personal website for almost nothing pt 2 let aws do the work,https://medium.com/swlh/create-and-host-your-personal-website-for-almost-nothing-pt-2-let-aws-do-the-work-583f2998d21a
how to prepare for aws solution architect associate certification saa c01 saa c02 exam in 2021,https://medium.com/javarevisited/how-to-prepare-for-aws-solution-architect-associate-certification-saa-c01-saa-c02-exam-in-2021-a6e7e7e771fc
%20react with circleci aws s3 and aws cloudfront,https://medium.com/@jameshamann/%20react-with-circleci-aws-s3-and-aws-cloudfront-844a1b2c75c9
howtoawsaddressables,https://medium.com/@badgerdox/howtoawsaddressables-f26803e3b0a
building a kafka playground on aws part 1 setting the foundation,https://maikelpenz.medium.com/building-a-kafka-playground-on-aws-part-1-setting-the-foundation-3065ecf51c19
scaling custom machine learning on aws part 3 kubernetes,https://lynnlangit.medium.com/scaling-custom-machine-learning-on-aws-part-3-kubernetes-5427d96f825b
aws organization study note,https://ystatit.medium.com/aws-organization-study-note-c921e7779524
laravel on aws a reference architecture,https://medium.com/hackernoon/laravel-on-aws-a-reference-architecture-a680755130d0
azure ad and aws managed microsoft ad side by side,https://vunvulear.medium.com/azure-ad-and-aws-managed-microsoft-ad-side-by-side-60f236c93f08
how to build serverless apps with aws lambda,https://medium.com/techmagic/how-to-build-serverless-apps-with-aws-lambda-93f61f570a74
building custom layers on aws lambda,https://medium.com/@aminuisrael2/building-custom-layers-on-aws-lambda-35d17bd9abbb
a tutorial on aws fargate,https://medium.com/@chasdevs/a-tutorial-on-aws-fargate-bd63828b6d6c
flutter apps with aws backend part 1 basic setup,https://medium.com/swlh/flutter-apps-with-aws-backend-part-1-basic-setup-7e1dd53e9161
aws relational database for building scalable and reliable enterprise apps,https://medium.com/tensult/aws-relational-database-for-building-scalable-and-reliable-enterprise-apps-c3d98fa4a1e9
how to save money with aws vpc endpoints,https://medium.com/nubego/how-to-save-money-with-aws-vpc-endpoints-9bac8ae1319c
getting started with aws eks using terraform,https://medium.com/stakater/getting-started-with-aws-eks-using-terraform-7487ffeac48f
esp8266 aws iot core guide,https://medium.com/accenture-the-dock/esp8266-aws-iot-core-guide-c640f2622a51
how to get started with aws certification,https://medium.com/digital-cloud-training/how-to-get-started-with-aws-certification-b0104d3d3bd2
deploying microservices with aws fargate,https://medium.com/@marcus.cavalcanti/deploying-microservices-with-aws-fargate-f0578d8199a3
best resources to learn aws in 2021,https://medium.com/javascript-in-plain-english/best-resources-to-learn-aws-in-2021-b359902717eb
aws sagemaker ,https://medium.com/@vysakh_nair/aws-sagemaker-db5451e02a79?source=rss------artificial_intelligence-5
what is cloud computing with aws,https://medium.com/@zatch.3301/what-is-cloud-computing-with-aws-6da06d29bfba
slalom and aws bring first launch center to australia,https://medium.com/slalom-australia/slalom-and-aws-bring-first-launch-center-to-australia-cc31a9b993f9
aws fundamentals beginners guide,https://medium.com/age-of-awareness/aws-fundamentals-beginners-guide-ffea402596fb
create and deploy an aws lambda function with aws cloudformation,https://medium.com/@garry.passarella/create-and-deploy-an-aws-lambda-function-with-aws-cloudformation-583d5a2b1df0
setting up your first elastic kubernetes cluster in aws,https://medium.com/condorlabs-engineering/setting-up-your-first-elastic-kubernetes-cluster-in-aws-4394ac328aff
publishing a react website on aws with aws amplify and aws cloudfront with custom domain part 1,https://medium.com/craftsmenltd/publishing-a-react-website-on-aws-with-aws-amplify-and-aws-cloudfront-with-custom-domain-part-1-eb81d3d95b2d
8 interesting aws services,https://medium.com/devops-dudes/8-interesting-aws-services-3f802e2a7db8
databricks on aws,https://medium.com/@prateek.dubey/databricks-on-aws-eef043ae937f
serverless archiecture on aws cloud,https://medium.com/petabytz/serverless-archiecture-on-aws-cloud-dc349f2b0e18
building otp authentication with reactjs and aws amplify,https://medium.com/@ykbryan/building-otp-authentication-with-reactjs-and-aws-amplify-c5fd2e517fac
accelerating mobile app development with aws amplify,https://medium.com/@jameshamann/accelerating-mobile-app-development-with-aws-amplify-fb2034e60160
hosting your react application with aws in 30 minutes,https://medium.com/capgemini-norway/hosting-your-react-application-with-aws-in-30-minutes-623f6539d92d
cloud basics gcp azure and aws,https://medium.com/@Imaginovation/cloud-basics-gcp-azure-and-aws-8acf4a440052
aws direct connect vs vpn vs direct connect gateway,https://medium.com/@datapath_io/aws-direct-connect-vs-vpn-vs-direct-connect-gateway-97900cdf7d04
how to become an aws certified cloud practitioner in 10 days,https://medium.com/@guopei123/how-to-become-an-aws-certified-cloud-practitioner-in-10-days-83a08e316e72
aws services every developer should be aware of,https://medium.com/@ashish_fagna/aws-services-every-developer-should-be-aware-of-f7c48aaa854f
mining bitcoin and other crypto on aws,https://michael-ludvig.medium.com/mining-bitcoin-and-other-crypto-on-aws-eb172940059f
11 ways to get aws credits,https://jaychapel.medium.com/11-ways-to-get-aws-credits-22a01793d38
how to build a startup with aws in 2020,https://medium.com/techmagic/how-to-build-a-startup-with-aws-in-2020-d875820c320c
your first steps with aws,https://medium.com/@guillermoandrae/your-first-steps-with-aws-cb88ccf454ca